﻿<?xml version="1.0" encoding="UTF-8"?>
<!-- 
This is the XML from which the SWF file reads the following data:

image - the thumb image in the menu.
url - the address to go to when clicking the image
target - _self - opens the url in the same browser page
	   - _blank - opens the url in a new browser page
	   - a number - executes _root.gotoAndPlay(number); in Flash

The tooltip text is recorded as CDATA. You can use HTML tags like "<br>"
-->
<Carousel centeredImage="images/logo.png" url="http://www.flashxml.net" target="_blank">
	
  <photo image="images/0010.jpg" url="Contact.aspx?" target="_blank"><![CDATA[Duldulao Jake V.<br> image gallery]]></photo>
  <photo image="images/0011.jpg" url="Contact.aspx?" target="_blank"><![CDATA[Duldulao Jake V.<br> image gallery]]></photo>
  <photo image="images/0012.jpg" url="Contact.aspx?" target="_blank"><![CDATA[Duldulao Jake V.<br> image gallery]]></photo>
  <photo image="images/0013.jpg" url="Contact.aspx?" target="_blank"><![CDATA[Duldulao Jake V.<br> image gallery]]></photo>
  <photo image="images/0014.jpg" url="Contact.aspx?" target="_blank"><![CDATA[Duldulao Jake V.<br> image gallery]]></photo>
  <photo image="images/0015.jpg" url="Contact.aspx?" target="_blank"><![CDATA[Duldulao Jake V.<br> image gallery]]></photo>
  <photo image="images/0016.jpg" url="Contact.aspx?" target="_blank"><![CDATA[Duldulao Jake V.<br> image gallery]]></photo>
  <photo image="images/0017.jpg" url="Contact.aspx?" target="_blank"><![CDATA[Duldulao Jake V.<br> image gallery]]></photo>
  <photo image="images/0018.jpg" url="Contact.aspx?" target="_blank"><![CDATA[Duldulao Jake V.<br> image gallery]]></photo>
  <photo image="images/0019.jpg" url="Contact.aspx?" target="_blank"><![CDATA[Duldulao Jake V.<br> image gallery]]></photo>
  <photo image="images/0020.jpg" url="Contact.aspx?" target="_blank"><![CDATA[Duldulao Jake V.<br> image gallery]]></photo>
  <photo image="images/0021.jpg" url="Contact.aspx?" target="_blank"><![CDATA[Duldulao Jake V.<br> image gallery]]></photo>

 
  
</Carousel>